"","Mturk_ID","Participant.Completion.Code"
"13","A3125C26HJQ33","mqqlcx"
"19","A2ZL7BZA7RRMIN","sjmdxy"
"25","A1G7GSCKWC9UBC","rhrhag"
"27","A3TYH348Y7BUSJ","rayvct"
"28","A2XGVGSG5WR173","graomh"
"30","A2QXN9TJNWRNL7","cekhdw"
"31","A544FPX6FB2OS","mfkugo"
"33","A1XKL37QKFITT1","oouecv"
"34","A182N7RLXGSCZG","myaazl"
"41","A34CQE6RGU49L7","yfmhpr"
"42","APKMO2QC0IZN2","tyoodh"
"43","A19FEU28J4WZ1Z","fjhwyk"
"52","A2QSQ8HFSQMHQU","yhluud"
"60","A1CMMZ6AR7NOOH","xarevm"
"61","A2QFNRJNY1POP9","gofwpn"
"62","A1EMKR3TP9UL9F","oxstuc"
"63","A1ZDR2UN7M92LI","izpglr"
"67","A9JPMRRBFO4NL","nckosr"
"68","A1BG47GSHQ9WSU","dvqrzs"
"72","A3011J37433COH","nhkqcx"
"76","APORXBJ0D4CMZ","hmxcal"
"78","A1B0IPWXVZOKP2","ylxkbu"
"80","A188ZZIEW2E5U4","uepiym"
"91","A2C54JB2A8I1YO","byspmj"
"94","A3CZ0WLG1D0Q42","cklrwe"
"99","ABXI04K7467QI","kjhbmg"
"101","AUH9D3Q8IN61U","hdcfeh"
"104","A1AFK7CIGJ8R61","qgjmfh"
"106","A2RJLHFJCV6WQA","hwsums"
"109","A3SKAVLZCRR07H","iuwldg"
"113","A17D4EIP6P68L7","jqxvea"
"122","A34GH8VX3QZC75","zloxhp"
"124","AB6SD2FN76COZ","yavwhq"
"143","A32NR7LJCXYTZV","lnsyoa"
"146","A3IC7ZQ257WUNV","ezvjzn"
"152","A3LKQWCM1KITOM","tomxuc"
"156","A3I55L67X0MWC4","ylaqwc"
"160","A1GB1M0AGS1YSB","vhsqoa"
"166","A1HXFSN27CGCCU","klgdlz"
"172","A4ZCS7YTJS0DF","seaylz"
"176","A33WXTJUOL2PSQ","pgdgnz"
"179","A3V2HVY764HJS4","xtvqrr"
"181","A35E9N7U9LSNL2","cwsyyq"
"184","A1V6MPL7396OE4","gkmfvx"
"191","A20U74OX7XFA0I","vmduba"
"24","A1DXSFFL5HZ1NX","szofyn"
"331","A1H0HJE05U1WJZ","dhefai"
"39","AJO13Z6TFG8C8","yvzbya"
"401","A3S3Y7NJ8WTQG3","ketezg"
"431","AOEO9ZV81R0I4","olfirh"
"452","A33DSCVAUOWIQY","camvij"
"781","A2PXNSTBTS22EY","rcogdz"
"83","A354Y93R6A188M","dbcprm"
"95","ABX5OQLR6UNBC","ojqkxh"
"1031","A32W24TWSWXW","dmnxdu"
"1461","A39TKU289CXWRN","byviyf"
"1591","A34Y00EAWB242M","biolxj"
"1651","A1E3Y8DJR2EQOC","vmipyf"
"186","ARI1EMAHUA9PO","axdmex"
"248","A279HK0GY9PIJ0","lnzpfk"
"252","A2M8OP9O3XELKW","kfzcmm"
"253","A2OSR830K1W0QL","eholny"
"257","A3FSDH6HUZPNQ8","pvfraj"
"258","ALM8YFO0272UR","zrmrpt"
"273","A3DNZIZRJ847AR","phmbzx"
"274","A26VB424KM3RSX","vlonmv"
"279","A3SV5X0R9ARFOK","zuknmk"
"281","AQN3RS63MEPQA","bmrtzs"
"285","A2LJ5WDE55Z4MT","pflrlx"
"287","AUKIJNB3H4ULU","kibhfh"
"289","A340UT8QM6525W","cbxlak"
"294","A36HJXMFZY4RFG","phpnqg"
"300","A2FCQ5K0T1PYHS","rzwmms"
"302","A2PIGYNXTTCFZO","aasjni"
"305","A2JXVOTECPMRAJ","foifna"
"315","A1YMIA0664RNFF","nentqm"
"324","A39TKG862PLGK3","diedqi"
"329","A3UUY2UL6TZ55S","eyshcw"
"333","A1G2FLOKDFMZO8","ukfvyd"
"339","AZU06JG0UX3DO","kgwptl"
"353","AMKTU517E8NN","llgrib"
"355","ABN9IUIM1YA7Y","jzxrcy"
"357","A2ZT5S8DHRK8X9","zwjbgv"
"361","AS9FKVLPA118I","mjmczg"
"366","AYJW7CM50ZKOX","ssdumj"
"373","AGJYT4WO2FOCC","ecihee"
"384","A30NX5HEQGGFPP","zouyrx"
"396","A1DMTTZDZD77MT","ekdwsp"
"415","A2XJ54KDHS1ILK","jlqwnz"
"425","A1QXUAY8OB3CSW","pbqrlh"
"450","A8KX1HFH8NE2Q","srshwn"
"451","A1TJ4WI1FUH28Y","jeareb"
"453","AP9M4LGBH8FYM","htbxnz"
"463","AZ8KL6F16ZS7G","lmypft"
"474","AHED54NOS25RY","bthwoh"
"534","A28WTW360AS5T2","khyikh"
"571","A1C41388918W2J","zgtxcj"
"579","A3E2WP9UOALEC","raplcs"
"589","A25VDMEXXIY08P","ftdhck"
"599","A3D1KY32KA7US9","kmcjqw"
"602","A2G4PA35IX5RIA","xkpvyb"
"616","A321WQIFK10UV3","mfgjxo"
"617","A2W5Q0IVJUS7Y6","tvmdkc"
"624","ALQEBL8XKDCWC","gqkqkt"
"625","A15993PQ9RNAS2","efnrcx"
"639","A2P8TVGFD9BBC8","oeozlu"
"666","A2I988BSR2YYU3","kanhck"
"668","A360YPKITDW0PV","jhqavy"
"676","A5KVTBI8FA961","wnedeu"
"677","A1ZLMSH2TS8HWH","obgxzo"
"678","A3F9DA5WZKBCIJ","qniusu"
"679","A3DPBDWP9KEBRE","wassjd"
"681","A1OR82RF1ZFWP","russnv"
"690","A3KN6R8PCW31WO","aphnhe"
"694","A3RP4I76FH4Z7D","yrxcau"
"713","A3W1M37EJKYIZI","gqjqpn"
